priority,outlet,article_url,contact_name,contact_email,email_source_url,contact_form_url,language,tool_pitched,angle,status,notes
A,Bebés y más (Webedia),https://www.bebesymas.com/recursos-en-la-web/cartas-reyes-magos-para-imprimir-gratis-personalizadas,Lucy Ortega,prensa@bebesymas.com,https://www.bebesymas.com/contacto,,es,https://meapica.shop/es/tools/reply-from-the-three-kings,Dec 2025 roundup of free personalised Kings' replies; ours fits directly.,"Gmail draft (admin@casmar.tech, From hola@meapica.shop)","prensa@ is the press inbox, not the author's"
A,Mi Bebé y Yo (El Mundo),https://mibebeyyo.elmundo.es/ninos/salud-bienestar/psicologia-infantil/descargar-carta-reyes-magos-6663,Edurne Romo (Directora Editorial),eromo@sfera.es,https://mibebeyyo.elmundo.es/contacto,,es,https://meapica.shop/es/tools/letter-to-the-three-kings,Author of their downloadable carta page; personalised alternative for the yearly refresh.,"Gmail draft (admin@casmar.tech, From hola@meapica.shop)",Strongest lead: author's own listed email
A,Educación 3.0,https://www.educaciontrespuntocero.com/familias/plantillas-de-cartas-reyes-magos/,Redacción,redaccion@educaciontrespuntocero.com,https://www.educaciontrespuntocero.com/contacto/,,es,https://meapica.shop/es/tools/letter-to-the-three-kings,Yearly list of carta templates (last Oct 2024); free bilingual personalised option.,"Gmail draft (admin@casmar.tech, From hola@meapica.shop)",
A,Ser Padres (Zinet Media),https://www.serpadres.es/ocio/49375.html,"Belén Muelas, Jennifer Delgado",serpadres@serpadres.es,https://www.serpadres.es/,,es,https://meapica.shop/es/tools/letter-to-the-three-kings,"5-model carta to print (Dec 2023), due a refresh.","Gmail draft (admin@casmar.tech, From hola@meapica.shop)",General contact address
A,Guiainfantil.com,https://www.guiainfantil.com/articulos/navidad/carta-a-los-reyes-magos-para-imprimir/,Beatriz Martínez (rev. Vilma Medina),,,https://www.guiainfantil.com/page/contacto/,es,https://meapica.shop/es/tools/letter-to-the-three-kings,Biggest ES parenting portal; carta page last updated Dec 2023.,Contact form only,
A,La Vanguardia (Comprar),https://www.lavanguardia.com/comprar/navidad/20251230/11400832/adios-pantallas-mejores-regalos-mas-pequenos-casa-reyes-magos-coronaran.html,Pablo Sánchez-Montañés,digital@lavanguardia.es,https://www.lavanguardia.com/contacto,,es,https://meapica.shop/es/tools/letter-to-the-three-kings,Screen-free Reyes gift guide for little ones; free extra from a Barcelona brand.,"Gmail draft (admin@casmar.tech, From hola@meapica.shop)",General digital inbox; gift guide not a printables roundup
A,20minutos (20Bits),https://www.20minutos.es/tecnologia/aplicaciones/mejores-apps-webs-2024-hablar-reyes-magos-movil-ordenador-4935253/,20Bits redacción,20minutoseditora@20minutos.es,https://www.20minutos.es/contacto/,,es,https://meapica.shop/es/tools/reply-from-the-three-kings,Yearly apps/webs to talk to the Reyes roundup.,"Gmail draft (admin@casmar.tech, From hola@meapica.shop)",General inbox
B,Sapos y Princesas (El Mundo),https://saposyprincesas.elmundo.es/ocio-en-casa/apps-videojuegos/webs-hablar-con-reyes-magos-y-papa-noel,Redacción,contenidos@saposyprincesas.com,https://saposyprincesas.elmundo.es/contacto/,,es,https://meapica.shop/es/tools/reply-from-the-three-kings,Webs to talk to the Reyes list.,"Gmail draft (admin@casmar.tech, From hola@meapica.shop)",
B,OKdiario (Bebés),https://okdiario.com/bebes/carta-reyes-magos-padres-64580,Blanca Espada,sociedad@okdiario.com,https://okdiario.com/contacto,,es,https://meapica.shop/es/tools/letter-to-the-three-kings,How to make a carta to print (Jan 2024).,"Gmail draft (admin@casmar.tech, From hola@meapica.shop)",Society desk inbox (Cloudflare-obfuscated on page)
B,Hogarmanía,https://www.hogarmania.com/decoracion/manualidades/otros/cartas-reyes-magos-para-descargar-37812.html,Verónica Otxandio,contactoweb@bainet.es,https://www.hogarmania.com/contacto/,,es,https://meapica.shop/es/tools/letter-to-the-three-kings,Dec 2024 roundup of 10 downloadable cartas.,"Gmail draft (admin@casmar.tech, From hola@meapica.shop)",
B,Pequeocio,https://www.pequeocio.com/carta-reyes-magos/,,,,https://www.pequeocio.com/contacto/,es,https://meapica.shop/es/tools/letter-to-the-three-kings,Evergreen Reyes printables; Barcelona family audience.,Contact form only,
B,Una Casita de Papel,https://unacasitadepapel.com/carta-reyes-magos-para-imprimir/,Esther y David,unacasitadepapel@gmail.com,https://unacasitadepapel.com/contacto/,,es,https://meapica.shop/es/tools/letter-to-the-three-kings,"Design-led printables blog, 10 carta templates.","Gmail draft (admin@casmar.tech, From hola@meapica.shop)",Email shown as (arroba) on page
B,Aprendiendo con Julia,https://aprendiendoconjulia.com/2018/12/carta-de-los-reyes-magos-a-los-ninos-editable-para-imprimir/,M. Ángeles,info@aprendiendoconjulia.com,https://aprendiendoconjulia.com/contacto/,,es,https://meapica.shop/es/tools/reply-from-the-three-kings,Editable Kings' reply letter (updated 2025); ours complements it.,"Gmail draft (admin@casmar.tech, From hola@meapica.shop)",Semi-competitor format; invites collaborations
B,Imprime y Organiza,https://imprimeyorganiza.com/imprimibles-navidad/cartas-a-los-reyes-magos/,,contacto@imprimeyorganiza.com,https://imprimeyorganiza.com/contactanos/,,es,https://meapica.shop/es/tools/letter-to-the-three-kings,Free PDF collection of Reyes letters.,"Gmail draft (admin@casmar.tech, From hola@meapica.shop)",
C,Edufichas,https://www.edufichas.com/navidad/carta-reyes-magos/,,contactar@edufichas.com,https://www.edufichas.com/aviso-legal/,,es,https://meapica.shop/es/tools/letter-to-the-three-kings,6 PDF carta designs; teachers and families.,"Gmail draft (admin@casmar.tech, From hola@meapica.shop)",Email from aviso legal page (general contact address)
C,TodoPapás,http://www.todopapas.com/ninos/juegos-y-manualidades/carta-para-los-reyes-magos-4275,Lola García-Amado,,,,es,https://meapica.shop/es/tools/letter-to-the-three-kings,Single dated PDF carta (2022).,No public contact,Contact page broken; skip unless contact found
C,Manualidades Infantiles,https://www.manualidadesinfantiles.org/carta-de-los-reyes-magos-para-imprimir,Daniel Pineda (illustrations),,,https://www.manualidadesinfantiles.org/contacto,es,https://meapica.shop/es/tools/letter-to-the-three-kings,Print-and-colour carta plus envelope.,Contact form only,
A,betevé,https://beteve.cat/cultura/carta-reis-mags-imprimir-pdf-beteve/,Actualitat betevé,informatius@beteve.cat,https://beteve.cat/preguntes-frequents/,,ca,https://meapica.shop/ca/tools/letter-to-the-three-kings,Runs its own generic printable PDF letter; personalised update for 2026-27 from a Barcelona company.,"Gmail draft (admin@casmar.tech, From hola@meapica.shop)",Shown as informatius[arroba]beteve.cat
A,ElNacional.cat,https://www.elnacional.cat/ca/estil-vida/dibuixos-nadal-imprimir_930468_102_amp.html,Staff,redaccio@elnacional.cat,https://www.elnacional.cat/ca/on-som.html,,ca,https://meapica.shop/ca/tools/letter-to-the-three-kings,Dec 2025 Christmas printables roundup; Reis follow-up.,"Gmail draft (admin@casmar.tech, From hola@meapica.shop)",
A,Nació Digital,https://naciodigital.cat/societat/per-que-escrivim-cartes-als-reis-dorient-aquest-nes-lorigen-2026-01-02.html,Redacció,naciodigital@naciodigital.cat,https://naciodigital.cat/contacte,https://naciodigital.cat/contacte,ca,https://meapica.shop/ca/tools/reply-from-the-three-kings,Covered letter tradition origins (Jan 2026).,"Gmail draft (admin@casmar.tech, From hola@meapica.shop)",
A,VilaWeb,https://www.vilaweb.cat/noticies/jocs-catala-nens-reis-2026/,Redacció,redaccio@vilaweb.cat,https://www.vilaweb.cat/contacte/,,ca,https://meapica.shop/ca/tools/letter-to-the-three-kings,Catalan-language Reis coverage for families.,"Gmail draft (admin@casmar.tech, From hola@meapica.shop)",
A,Ara Criatures,https://criatures.ara.cat/infancia/no-carta-peticions-als-reis_1_4584498.html,"Claudia Díaz, Carmen Granados",,,,ca,https://meapica.shop/ca/tools/reply-from-the-three-kings,Letter about wonder not wish lists (2023).,No public contact,Only cartes@ara.cat (letters to editor); find a Criatures editor via LinkedIn/X
B,3CatInfo (3Cat),https://www.3cat.cat/3catinfo/consells-dultima-hora-per-a-la-carta-als-reis-com-enfocar-la-i-com-gestionar-la-frustracio/noticia/3269224/,Redacció,,,https://www.3cat.cat/atencio/,ca,https://meapica.shop/ca/tools/reply-from-the-three-kings,Experts on a thoughtful letter; our guided letter + reply applies it.,Contact form only,
B,Escapada amb nens,https://www.escapadaambnens.com/proposta/420/on-entregar-la-carta-als-reis-dorient-2026/,Editorial,info@escapadaambnens.com,https://www.escapadaambnens.com/contacte/,,ca,https://meapica.shop/ca/tools/letter-to-the-three-kings,Yearly where-to-hand-in-the-letter guide.,"Gmail draft (admin@casmar.tech, From hola@meapica.shop)",
B,Socpetit.cat,https://www.socpetit.cat/carta-als-reis-mags/,Editorial,info@socpetit.cat,https://www.socpetit.cat/contacte/,https://www.socpetit.cat/contacte/,ca,https://meapica.shop/ca/tools/letter-to-the-three-kings,Printable letter page updated Dec 2025.,"Gmail draft (admin@casmar.tech, From hola@meapica.shop)",
C,Pares i Nens (Totmedia),https://www.paresinens.cat/activitats/carta-als-reis-mags_2086131102.html,Elena Plou; editor Ramon Grau,,,,ca,https://meapica.shop/ca/tools/letter-to-the-three-kings,Downloadable Reis letter from 2016.,No public contact,
C,El Món,https://elmon.cat/societat/5-joguines-populars-cartes-nens-reis-540635/,Clara Bardají,info@mon.cat,https://elmon.cat/contacte/,,ca,https://meapica.shop/ca/tools/reply-from-the-three-kings,What kids ask for in their letters (2022).,"Gmail draft (admin@casmar.tech, From hola@meapica.shop)",General inbox
